{
  "Africa/Abidjan": {
    "en": "Africa/Abidjan",
    "ja": "アフリカ/アビジャン",
    "zh": "非洲/阿比让"
  },
  "Africa/Accra": {
    "en": "Africa/Accra",
    "ja": "アフリカ/アクラ",
    "zh": "非洲/阿克拉"
  },
  "Africa/Addis_Ababa": {
    "en": "Africa/Addis Ababa",
    "ja": "アフリカ/アディスアベバ",
    "zh": "非洲/亚的斯亚贝巴"
  },
  "Africa/Algiers": {
    "en": "Africa/Algiers",
    "ja": "アフリカ/アルジェ",
    "zh": "非洲/阿尔及尔"
  },
  "Africa/Asmera": {
    "en": "Africa/Asmera",
    "ja": "アフリカ/アスマラ",
    "zh": "非洲/阿斯马拉"
  },
  "Africa/Bamako": {
    "en": "Africa/Bamako",
    "ja": "アフリカ/バマコ",
    "zh": "非洲/巴马科"
  },
  "Africa/Bangui": {
    "en": "Africa/Bangui",
    "ja": "アフリカ/バンギ",
    "zh": "非洲/班吉"
  },
  "Africa/Banjul": {
    "en": "Africa/Banjul",
    "ja": "アフリカ/バンジュール",
    "zh": "非洲/班珠尔"
  },
  "Africa/Bissau": {
    "en": "Africa/Bissau",
    "ja": "アフリカ/ビサウ",
    "zh": "非洲/比绍"
  },
  "Africa/Blantyre": {
    "en": "Africa/Blantyre",
    "ja": "アフリカ/ブランタイヤ",
    "zh": "非洲/布兰太尔"
  },
  "Africa/Brazzaville": {
    "en": "Africa/Brazzaville",
    "ja": "アフリカ/ブラザビル",
    "zh": "非洲/布拉柴维尔"
  },
  "Africa/Bujumbura": {
    "en": "Africa/Bujumbura",
    "ja": "アフリカ/ブジュンブラ",
    "zh": "非洲/布琼布拉"
  },
  "Africa/Cairo": {
    "en": "Africa/Cairo",
    "ja": "アフリカ/カイロ",
    "zh": "非洲/开罗"
  },
  "Africa/Casablanca": {
    "en": "Africa/Casablanca",
    "ja": "アフリカ/カサブランカ",
    "zh": "非洲/卡萨布兰卡"
  },
  "Africa/Ceuta": {
    "en": "Africa/Ceuta",
    "ja": "アフリカ/セウタ",
    "zh": "非洲/休达"
  },
  "Africa/Conakry": {
    "en": "Africa/Conakry",
    "ja": "アフリカ/コナクリ",
    "zh": "非洲/科纳克里"
  },
  "Africa/Dakar": {
    "en": "Africa/Dakar",
    "ja": "アフリカ/ダカール",
    "zh": "非洲/达喀尔"
  },
  "Africa/Dar_es_Salaam": {
    "en": "Africa/Dar es Salaam",
    "ja": "アフリカ/ダルエスサラーム",
    "zh": "非洲/达累斯萨拉姆"
  },
  "Africa/Djibouti": {
    "en": "Africa/Djibouti",
    "ja": "アフリカ/ジブチ",
    "zh": "非洲/吉布提"
  },
  "Africa/Douala": {
    "en": "Africa/Douala",
    "ja": "アフリカ/ドゥアラ",
    "zh": "非洲/杜阿拉"
  },
  "Africa/El_Aaiun": {
    "en": "Africa/El Aaiun",
    "ja": "アフリカ/エル・アイウン",
    "zh": "非洲/阿尤恩"
  },
  "Africa/Freetown": {
    "en": "Africa/Freetown",
    "ja": "アフリカ/フリータウン",
    "zh": "非洲/弗里敦"
  },
  "Africa/Gaborone": {
    "en": "Africa/Gaborone",
    "ja": "アフリカ/ハボローネ",
    "zh": "非洲/哈博罗内"
  },
  "Africa/Harare": {
    "en": "Africa/Harare",
    "ja": "アフリカ/ハラレ",
    "zh": "非洲/哈拉雷"
  },
  "Africa/Johannesburg": {
    "en": "Africa/Johannesburg",
    "ja": "アフリカ/ヨハネスブルグ",
    "zh": "非洲/约翰内斯堡"
  },
  "Africa/Juba": {
    "en": "Africa/Juba",
    "ja": "アフリカ/ジュバ",
    "zh": "非洲/朱巴"
  },
  "Africa/Kampala": {
    "en": "Africa/Kampala",
    "ja": "アフリカ/カンパラ",
    "zh": "非洲/坎帕拉"
  },
  "Africa/Khartoum": {
    "en": "Africa/Khartoum",
    "ja": "アフリカ/ハルツーム",
    "zh": "非洲/喀土穆"
  },
  "Africa/Kigali": {
    "en": "Africa/Kigali",
    "ja": "アフリカ/キガリ",
    "zh": "非洲/基加利"
  },
  "Africa/Kinshasa": {
    "en": "Africa/Kinshasa",
    "ja": "アフリカ/キンシャサ",
    "zh": "非洲/金沙萨"
  },
  "Africa/Lagos": {
    "en": "Africa/Lagos",
    "ja": "アフリカ/ラゴス",
    "zh": "非洲/拉各斯"
  },
  "Africa/Libreville": {
    "en": "Africa/Libreville",
    "ja": "アフリカ/リーブルビル",
    "zh": "非洲/利伯维尔"
  },
  "Africa/Lome": {
    "en": "Africa/Lome",
    "ja": "アフリカ/ロメ",
    "zh": "非洲/洛美"
  },
  "Africa/Luanda": {
    "en": "Africa/Luanda",
    "ja": "アフリカ/ルアンダ",
    "zh": "非洲/罗安达"
  },
  "Africa/Lubumbashi": {
    "en": "Africa/Lubumbashi",
    "ja": "アフリカ/ルブンバシ",
    "zh": "非洲/卢本巴希"
  },
  "Africa/Lusaka": {
    "en": "Africa/Lusaka",
    "ja": "アフリカ/ルサカ",
    "zh": "非洲/卢萨卡"
  },
  "Africa/Malabo": {
    "en": "Africa/Malabo",
    "ja": "アフリカ/マラボ",
    "zh": "非洲/马拉博"
  },
  "Africa/Maputo": {
    "en": "Africa/Maputo",
    "ja": "アフリカ/マプト",
    "zh": "非洲/马普托"
  },
  "Africa/Maseru": {
    "en": "Africa/Maseru",
    "ja": "アフリカ/マセル",
    "zh": "非洲/马塞卢"
  },
  "Africa/Mbabane": {
    "en": "Africa/Mbabane",
    "ja": "アフリカ/ムババーネ",
    "zh": "非洲/姆巴巴内"
  },
  "Africa/Mogadishu": {
    "en": "Africa/Mogadishu",
    "ja": "アフリカ/モガディシュ",
    "zh": "非洲/摩加迪沙"
  },
  "Africa/Monrovia": {
    "en": "Africa/Monrovia",
    "ja": "アフリカ/モンロビア",
    "zh": "非洲/蒙罗维亚"
  },
  "Africa/Nairobi": {
    "en": "Africa/Nairobi",
    "ja": "アフリカ/ナイロビ",
    "zh": "非洲/内罗毕"
  },
  "Africa/Ndjamena": {
    "en": "Africa/Ndjamena",
    "ja": "アフリカ/ンジャメナ",
    "zh": "非洲/恩贾梅纳"
  },
  "Africa/Niamey": {
    "en": "Africa/Niamey",
    "ja": "アフリカ/ニアメ",
    "zh": "非洲/尼亚美"
  },
  "Africa/Nouakchott": {
    "en": "Africa/Nouakchott",
    "ja": "アフリカ/ヌアクショット",
    "zh": "非洲/努瓦克肖特"
  },
  "Africa/Ouagadougou": {
    "en": "Africa/Ouagadougou",
    "ja": "アフリカ/ワガドゥグー",
    "zh": "非洲/瓦加杜古"
  },
  "Africa/Porto-Novo": {
    "en": "Africa/Porto-Novo",
    "ja": "アフリカ/ポルトノボ",
    "zh": "非洲/波多诺伏"
  },
  "Africa/Sao_Tome": {
    "en": "Africa/Sao Tome",
    "ja": "アフリカ/サントメ",
    "zh": "非洲/圣多美"
  },
  "Africa/Tripoli": {
    "en": "Africa/Tripoli",
    "ja": "アフリカ/トリポリ",
    "zh": "非洲/的黎波里"
  },
  "Africa/Tunis": {
    "en": "Africa/Tunis",
    "ja": "アフリカ/チュニス",
    "zh": "非洲/突尼斯"
  },
  "Africa/Windhoek": {
    "en": "Africa/Windhoek",
    "ja": "アフリカ/ウィントフック",
    "zh": "非洲/温得和克"
  },
  "America/Adak": {
    "en": "America/Adak",
    "ja": "アメリカ/アダック",
    "zh": "美洲/埃达克"
  },
  "America/Anchorage": {
    "en": "America/Anchorage",
    "ja": "アメリカ/アンカレッジ",
    "zh": "美洲/安克雷奇"
  },
  "America/Anguilla": {
    "en": "America/Anguilla",
    "ja": "アメリカ/アンギラ",
    "zh": "美洲/安圭拉"
  },
  "America/Antigua": {
    "en": "America/Antigua",
    "ja": "アメリカ/アンティグア",
    "zh": "美洲/安提瓜"
  },
  "America/Araguaina": {
    "en": "America/Araguaina",
    "ja": "アメリカ/アラグアイナ",
    "zh": "美洲/阿拉瓜伊纳"
  },
  "America/Argentina/La_Rioja": {
    "en": "America/Argentina/La Rioja",
    "ja": "アメリカ/アルゼンチン/ラ・リオハ",
    "zh": "美洲/阿根廷/拉里奥哈"
  },
  "America/Argentina/Rio_Gallegos": {
    "en": "America/Argentina/Rio Gallegos",
    "ja": "アメリカ/アルゼンチン/リオ・ガジェゴス",
    "zh": "美洲/阿根廷/里奥加耶戈斯"
  },
  "America/Argentina/Salta": {
    "en": "America/Argentina/Salta",
    "ja": "アメリカ/アルゼンチン/サルタ",
    "zh": "美洲/阿根廷/萨尔塔"
  },
  "America/Argentina/San_Juan": {
    "en": "America/Argentina/San Juan",
    "ja": "アメリカ/アルゼンチン/サンフアン",
    "zh": "美洲/阿根廷/圣胡安"
  },
  "America/Argentina/San_Luis": {
    "en": "America/Argentina/San Luis",
    "ja": "アメリカ/アルゼンチン/サンルイス",
    "zh": "美洲/阿根廷/圣路易斯"
  },
  "America/Argentina/Tucuman": {
    "en": "America/Argentina/Tucuman",
    "ja": "アメリカ/アルゼンチン/トゥクマン",
    "zh": "美洲/阿根廷/图库曼"
  },
  "America/Argentina/Ushuaia": {
    "en": "America/Argentina/Ushuaia",
    "ja": "アメリカ/アルゼンチン/ウシュアイア",
    "zh": "美洲/阿根廷/乌斯怀亚"
  },
  "America/Aruba": {
    "en": "America/Aruba",
    "ja": "アメリカ/アルバ",
    "zh": "美洲/阿鲁巴"
  },
  "America/Asuncion": {
    "en": "America/Asuncion",
    "ja": "アメリカ/アスンシオン",
    "zh": "美洲/亚松森"
  },
  "America/Bahia": {
    "en": "America/Bahia",
    "ja": "アメリカ/バイーア",
    "zh": "美洲/巴伊亚"
  },
  "America/Bahia_Banderas": {
    "en": "America/Bahia Banderas",
    "ja": "アメリカ/バイア・バンデラス",
    "zh": "美洲/巴伊亚班德拉斯"
  },
  "America/Barbados": {
    "en": "America/Barbados",
    "ja": "アメリカ/バルバドス",
    "zh": "美洲/巴巴多斯"
  },
  "America/Belem": {
    "en": "America/Belem",
    "ja": "アメリカ/ベレン",
    "zh": "美洲/贝伦"
  },
  "America/Belize": {
    "en": "America/Belize",
    "ja": "アメリカ/ベリーズ",
    "zh": "美洲/伯利兹"
  },
  "America/Blanc-Sablon": {
    "en": "America/Blanc-Sablon",
    "ja": "アメリカ/ブラン・サブロン",
    "zh": "美洲/布朗萨布隆"
  },
  "America/Boa_Vista": {
    "en": "America/Boa Vista",
    "ja": "アメリカ/ボア・ヴィスタ",
    "zh": "美洲/博阿维斯塔"
  },
  "America/Bogota": {
    "en": "America/Bogota",
    "ja": "アメリカ/ボゴタ",
    "zh": "美洲/波哥大"
  },
  "America/Boise": {
    "en": "America/Boise",
    "ja": "アメリカ/ボイシ",
    "zh": "美洲/博伊西"
  },
  "America/Buenos_Aires": {
    "en": "America/Buenos Aires",
    "ja": "アメリカ/ブエノスアイレス",
    "zh": "美洲/布宜诺斯艾利斯"
  },
  "America/Cambridge_Bay": {
    "en": "America/Cambridge Bay",
    "ja": "アメリカ/ケンブリッジ・ベイ",
    "zh": "美洲/剑桥湾"
  },
  "America/Campo_Grande": {
    "en": "America/Campo Grande",
    "ja": "アメリカ/カンポ・グランデ",
    "zh": "美洲/大坎普"
  },
  "America/Cancun": {
    "en": "America/Cancun",
    "ja": "アメリカ/カンクン",
    "zh": "美洲/坎昆"
  },
  "America/Caracas": {
    "en": "America/Caracas",
    "ja": "アメリカ/カラカス",
    "zh": "美洲/加拉加斯"
  },
  "America/Catamarca": {
    "en": "America/Catamarca",
    "ja": "アメリカ/カタマルカ",
    "zh": "美洲/卡塔马卡"
  },
  "America/Cayenne": {
    "en": "America/Cayenne",
    "ja": "アメリカ/カイエンヌ",
    "zh": "美洲/卡宴"
  },
  "America/Cayman": {
    "en": "America/Cayman",
    "ja": "アメリカ/ケイマン",
    "zh": "美洲/开曼"
  },
  "America/Chicago": {
    "en": "America/Chicago",
    "ja": "アメリカ/シカゴ",
    "zh": "美洲/芝加哥"
  },
  "America/Chihuahua": {
    "en": "America/Chihuahua",
    "ja": "アメリカ/チワワ",
    "zh": "美洲/奇瓦瓦"
  },
  "America/Ciudad_Juarez": {
    "en": "America/Ciudad Juarez",
    "ja": "アメリカ/シウダ・フアレス",
    "zh": "美洲/华雷斯城"
  },
  "America/Coral_Harbour": {
    "en": "America/Coral Harbour",
    "ja": "アメリカ/コーラル・ハーバー",
    "zh": "美洲/科勒尔港"
  },
  "America/Cordoba": {
    "en": "America/Cordoba",
    "ja": "アメリカ/コルドバ",
    "zh": "美洲/科尔多瓦"
  },
  "America/Costa_Rica": {
    "en": "America/Costa Rica",
    "ja": "アメリカ/コスタリカ",
    "zh": "美洲/哥斯达黎加"
  },
  "America/Coyhaique": {
    "en": "America/Coyhaique",
    "ja": "アメリカ/コイアイケ",
    "zh": "美洲/科伊艾克"
  },
  "America/Creston": {
    "en": "America/Creston",
    "ja": "アメリカ/クレストン",
    "zh": "美洲/克雷斯顿"
  },
  "America/Cuiaba": {
    "en": "America/Cuiaba",
    "ja": "アメリカ/クイアバ",
    "zh": "美洲/库亚巴"
  },
  "America/Curacao": {
    "en": "America/Curacao",
    "ja": "アメリカ/キュラソー",
    "zh": "美洲/库拉索"
  },
  "America/Danmarkshavn": {
    "en": "America/Danmarkshavn",
    "ja": "アメリカ/デンマークスハウン",
    "zh": "美洲/丹马沙文"
  },
  "America/Dawson": {
    "en": "America/Dawson",
    "ja": "アメリカ/ドーソン",
    "zh": "美洲/道森"
  },
  "America/Dawson_Creek": {
    "en": "America/Dawson Creek",
    "ja": "アメリカ/ドーソン・クリーク",
    "zh": "美洲/道森克里克"
  },
  "America/Denver": {
    "en": "America/Denver",
    "ja": "アメリカ/デンバー",
    "zh": "美洲/丹佛"
  },
  "America/Detroit": {
    "en": "America/Detroit",
    "ja": "アメリカ/デトロイト",
    "zh": "美洲/底特律"
  },
  "America/Dominica": {
    "en": "America/Dominica",
    "ja": "アメリカ/ドミニカ",
    "zh": "美洲/多米尼克"
  },
  "America/Edmonton": {
    "en": "America/Edmonton",
    "ja": "アメリカ/エドモントン",
    "zh": "美洲/埃德蒙顿"
  },
  "America/Eirunepe": {
    "en": "America/Eirunepe",
    "ja": "アメリカ/エイルネペ",
    "zh": "美洲/埃鲁内佩"
  },
  "America/El_Salvador": {
    "en": "America/El Salvador",
    "ja": "アメリカ/エルサルバドル",
    "zh": "美洲/萨尔瓦多"
  },
  "America/Fort_Nelson": {
    "en": "America/Fort Nelson",
    "ja": "アメリカ/フォート・ネルソン",
    "zh": "美洲/纳尔逊堡"
  },
  "America/Fortaleza": {
    "en": "America/Fortaleza",
    "ja": "アメリカ/フォルタレザ",
    "zh": "美洲/福塔莱萨"
  },
  "America/Glace_Bay": {
    "en": "America/Glace Bay",
    "ja": "アメリカ/グレース・ベイ",
    "zh": "美洲/格莱斯湾"
  },
  "America/Godthab": {
    "en": "America/Godthab",
    "ja": "アメリカ/ゴッドホープ",
    "zh": "美洲/戈德霍布"
  },
  "America/Goose_Bay": {
    "en": "America/Goose Bay",
    "ja": "アメリカ/グース・ベイ",
    "zh": "美洲/古斯湾"
  },
  "America/Grand_Turk": {
    "en": "America/Grand Turk",
    "ja": "アメリカ/グランド・ターク",
    "zh": "美洲/大特克"
  },
  "America/Grenada": {
    "en": "America/Grenada",
    "ja": "アメリカ/グレナダ",
    "zh": "美洲/格林纳达"
  },
  "America/Guadeloupe": {
    "en": "America/Guadeloupe",
    "ja": "アメリカ/グアドループ",
    "zh": "美洲/瓜德罗普"
  },
  "America/Guatemala": {
    "en": "America/Guatemala",
    "ja": "アメリカ/グアテマラ",
    "zh": "美洲/危地马拉"
  },
  "America/Guayaquil": {
    "en": "America/Guayaquil",
    "ja": "アメリカ/グアヤキル",
    "zh": "美洲/瓜亚基尔"
  },
  "America/Guyana": {
    "en": "America/Guyana",
    "ja": "アメリカ/ガイアナ",
    "zh": "美洲/圭亚那"
  },
  "America/Halifax": {
    "en": "America/Halifax",
    "ja": "アメリカ/ハリファックス",
    "zh": "美洲/哈利法克斯"
  },
  "America/Havana": {
    "en": "America/Havana",
    "ja": "アメリカ/ハバナ",
    "zh": "美洲/哈瓦那"
  },
  "America/Hermosillo": {
    "en": "America/Hermosillo",
    "ja": "アメリカ/エルモシージョ",
    "zh": "美洲/埃莫西约"
  },
  "America/Indiana/Knox": {
    "en": "America/Indiana/Knox",
    "ja": "アメリカ/インディアナ/ノックス",
    "zh": "美洲/印第安纳/诺克斯"
  },
  "America/Indiana/Marengo": {
    "en": "America/Indiana/Marengo",
    "ja": "アメリカ/インディアナ/マレンゴ",
    "zh": "美洲/印第安纳/马伦戈"
  },
  "America/Indiana/Petersburg": {
    "en": "America/Indiana/Petersburg",
    "ja": "アメリカ/インディアナ/ピーターズバーグ",
    "zh": "美洲/印第安纳/彼得斯堡"
  },
  "America/Indiana/Tell_City": {
    "en": "America/Indiana/Tell City",
    "ja": "アメリカ/インディアナ/テル・シティ",
    "zh": "美洲/印第安纳/特尔城"
  },
  "America/Indiana/Vevay": {
    "en": "America/Indiana/Vevay",
    "ja": "アメリカ/インディアナ/ヴィーヴェイ",
    "zh": "美洲/印第安纳/维维"
  },
  "America/Indiana/Vincennes": {
    "en": "America/Indiana/Vincennes",
    "ja": "アメリカ/インディアナ/ヴァンセンヌ",
    "zh": "美洲/印第安纳/文森斯"
  },
  "America/Indiana/Winamac": {
    "en": "America/Indiana/Winamac",
    "ja": "アメリカ/インディアナ/ウィナマック",
    "zh": "美洲/印第安纳/威纳马克"
  },
  "America/Indianapolis": {
    "en": "America/Indianapolis",
    "ja": "アメリカ/インディアナポリス",
    "zh": "美洲/印第安纳波利斯"
  },
  "America/Inuvik": {
    "en": "America/Inuvik",
    "ja": "アメリカ/イヌヴィック",
    "zh": "美洲/伊努维克"
  },
  "America/Iqaluit": {
    "en": "America/Iqaluit",
    "ja": "アメリカ/イカルイト",
    "zh": "美洲/伊魁特"
  },
  "America/Jamaica": {
    "en": "America/Jamaica",
    "ja": "アメリカ/ジャマイカ",
    "zh": "美洲/牙买加"
  },
  "America/Jujuy": {
    "en": "America/Jujuy",
    "ja": "アメリカ/フフイ",
    "zh": "美洲/胡胡伊"
  },
  "America/Juneau": {
    "en": "America/Juneau",
    "ja": "アメリカ/ジュノー",
    "zh": "美洲/朱诺"
  },
  "America/Kentucky/Monticello": {
    "en": "America/Kentucky/Monticello",
    "ja": "アメリカ/ケンタッキー/モンティチェロ",
    "zh": "美洲/肯塔基/蒙蒂塞洛"
  },
  "America/Kralendijk": {
    "en": "America/Kralendijk",
    "ja": "アメリカ/クラレンダイク",
    "zh": "美洲/克拉伦代克"
  },
  "America/La_Paz": {
    "en": "America/La Paz",
    "ja": "アメリカ/ラパス",
    "zh": "美洲/拉巴斯"
  },
  "America/Lima": {
    "en": "America/Lima",
    "ja": "アメリカ/リマ",
    "zh": "美洲/利马"
  },
  "America/Los_Angeles": {
    "en": "America/Los Angeles",
    "ja": "アメリカ/ロサンゼルス",
    "zh": "美洲/洛杉矶"
  },
  "America/Louisville": {
    "en": "America/Louisville",
    "ja": "アメリカ/ルイビル",
    "zh": "美洲/路易维尔"
  },
  "America/Lower_Princes": {
    "en": "America/Lower Princes",
    "ja": "アメリカ/ロウアー・プリンセズ",
    "zh": "美洲/下王子区"
  },
  "America/Maceio": {
    "en": "America/Maceio",
    "ja": "アメリカ/マセイオ",
    "zh": "美洲/马塞约"
  },
  "America/Managua": {
    "en": "America/Managua",
    "ja": "アメリカ/マナグア",
    "zh": "美洲/马那瓜"
  },
  "America/Manaus": {
    "en": "America/Manaus",
    "ja": "アメリカ/マナウス",
    "zh": "美洲/马瑙斯"
  },
  "America/Marigot": {
    "en": "America/Marigot",
    "ja": "アメリカ/マリゴ",
    "zh": "美洲/马里戈"
  },
  "America/Martinique": {
    "en": "America/Martinique",
    "ja": "アメリカ/マルティニーク",
    "zh": "美洲/马提尼克"
  },
  "America/Matamoros": {
    "en": "America/Matamoros",
    "ja": "アメリカ/マタモロス",
    "zh": "美洲/马塔莫罗斯"
  },
  "America/Mazatlan": {
    "en": "America/Mazatlan",
    "ja": "アメリカ/マサトラン",
    "zh": "美洲/马萨特兰"
  },
  "America/Mendoza": {
    "en": "America/Mendoza",
    "ja": "アメリカ/メンドーサ",
    "zh": "美洲/门多萨"
  },
  "America/Menominee": {
    "en": "America/Menominee",
    "ja": "アメリカ/メノミニー",
    "zh": "美洲/梅诺米尼"
  },
  "America/Merida": {
    "en": "America/Merida",
    "ja": "アメリカ/メリダ",
    "zh": "美洲/梅里达"
  },
  "America/Metlakatla": {
    "en": "America/Metlakatla",
    "ja": "アメリカ/メトラカトラ",
    "zh": "美洲/梅特拉卡特拉"
  },
  "America/Mexico_City": {
    "en": "America/Mexico City",
    "ja": "アメリカ/メキシコシティ",
    "zh": "美洲/墨西哥城"
  },
  "America/Miquelon": {
    "en": "America/Miquelon",
    "ja": "アメリカ/ミクロン",
    "zh": "美洲/密克隆"
  },
  "America/Moncton": {
    "en": "America/Moncton",
    "ja": "アメリカ/モンクトン",
    "zh": "美洲/蒙克顿"
  },
  "America/Monterrey": {
    "en": "America/Monterrey",
    "ja": "アメリカ/モンテレイ",
    "zh": "美洲/蒙特雷"
  },
  "America/Montevideo": {
    "en": "America/Montevideo",
    "ja": "アメリカ/モンテビデオ",
    "zh": "美洲/蒙得维的亚"
  },
  "America/Montserrat": {
    "en": "America/Montserrat",
    "ja": "アメリカ/モントセラト",
    "zh": "美洲/蒙特塞拉特"
  },
  "America/Nassau": {
    "en": "America/Nassau",
    "ja": "アメリカ/ナッソー",
    "zh": "美洲/拿骚"
  },
  "America/New_York": {
    "en": "America/New York",
    "ja": "アメリカ/ニューヨーク",
    "zh": "美洲/纽约"
  },
  "America/Nome": {
    "en": "America/Nome",
    "ja": "アメリカ/ノーム",
    "zh": "美洲/诺姆"
  },
  "America/Noronha": {
    "en": "America/Noronha",
    "ja": "アメリカ/ノローニャ",
    "zh": "美洲/诺罗尼亚"
  },
  "America/North_Dakota/Beulah": {
    "en": "America/North Dakota/Beulah",
    "ja": "アメリカ/ノースダコタ/ビューラ",
    "zh": "美洲/北达科他/比尤拉"
  },
  "America/North_Dakota/Center": {
    "en": "America/North Dakota/Center",
    "ja": "アメリカ/ノースダコタ/センター",
    "zh": "美洲/北达科他/森特"
  },
  "America/North_Dakota/New_Salem": {
    "en": "America/North Dakota/New Salem",
    "ja": "アメリカ/ノースダコタ/ニューセーラム",
    "zh": "美洲/北达科他/新塞勒姆"
  },
  "America/Ojinaga": {
    "en": "America/Ojinaga",
    "ja": "アメリカ/オヒナガ",
    "zh": "美洲/奥希纳加"
  },
  "America/Panama": {
    "en": "America/Panama",
    "ja": "アメリカ/パナマ",
    "zh": "美洲/巴拿马"
  },
  "America/Paramaribo": {
    "en": "America/Paramaribo",
    "ja": "アメリカ/パラマリボ",
    "zh": "美洲/帕拉马里博"
  },
  "America/Phoenix": {
    "en": "America/Phoenix",
    "ja": "アメリカ/フェニックス",
    "zh": "美洲/菲尼克斯"
  },
  "America/Port-au-Prince": {
    "en": "America/Port-au-Prince",
    "ja": "アメリカ/ポルトープランス",
    "zh": "美洲/太子港"
  },
  "America/Port_of_Spain": {
    "en": "America/Port of Spain",
    "ja": "アメリカ/ポート・オブ・スペイン",
    "zh": "美洲/西班牙港"
  },
  "America/Porto_Velho": {
    "en": "America/Porto Velho",
    "ja": "アメリカ/ポルト・ヴェーリョ",
    "zh": "美洲/波多韦柳"
  },
  "America/Puerto_Rico": {
    "en": "America/Puerto Rico",
    "ja": "アメリカ/プエルトリコ",
    "zh": "美洲/波多黎各"
  },
  "America/Punta_Arenas": {
    "en": "America/Punta Arenas",
    "ja": "アメリカ/プンタ・アレナス",
    "zh": "美洲/蓬塔阿雷纳斯"
  },
  "America/Rankin_Inlet": {
    "en": "America/Rankin Inlet",
    "ja": "アメリカ/ランキン・インレット",
    "zh": "美洲/兰金因莱特"
  },
  "America/Recife": {
    "en": "America/Recife",
    "ja": "アメリカ/レシフェ",
    "zh": "美洲/累西腓"
  },
  "America/Regina": {
    "en": "America/Regina",
    "ja": "アメリカ/レジャイナ",
    "zh": "美洲/里贾纳"
  },
  "America/Resolute": {
    "en": "America/Resolute",
    "ja": "アメリカ/レゾリュート",
    "zh": "美洲/雷索卢特"
  },
  "America/Rio_Branco": {
    "en": "America/Rio Branco",
    "ja": "アメリカ/リオブランコ",
    "zh": "美洲/里奥布朗库"
  },
  "America/Santarem": {
    "en": "America/Santarem",
    "ja": "アメリカ/サンタレン",
    "zh": "美洲/桑塔伦"
  },
  "America/Santiago": {
    "en": "America/Santiago",
    "ja": "アメリカ/サンティアゴ",
    "zh": "美洲/圣地亚哥"
  },
  "America/Santo_Domingo": {
    "en": "America/Santo Domingo",
    "ja": "アメリカ/サントドミンゴ",
    "zh": "美洲/圣多明各"
  },
  "America/Sao_Paulo": {
    "en": "America/Sao Paulo",
    "ja": "アメリカ/サンパウロ",
    "zh": "美洲/圣保罗"
  },
  "America/Scoresbysund": {
    "en": "America/Scoresbysund",
    "ja": "アメリカ/スコルズビーサウンド",
    "zh": "美洲/斯科雷斯比桑德"
  },
  "America/Sitka": {
    "en": "America/Sitka",
    "ja": "アメリカ/シトカ",
    "zh": "美洲/锡特卡"
  },
  "America/St_Barthelemy": {
    "en": "America/St Barthelemy",
    "ja": "アメリカ/サン・バルテルミー",
    "zh": "美洲/圣巴泰勒米"
  },
  "America/St_Johns": {
    "en": "America/St Johns",
    "ja": "アメリカ/セントジョンズ",
    "zh": "美洲/圣约翰斯"
  },
  "America/St_Kitts": {
    "en": "America/St Kitts",
    "ja": "アメリカ/セントキッツ",
    "zh": "美洲/圣基茨"
  },
  "America/St_Lucia": {
    "en": "America/St Lucia",
    "ja": "アメリカ/セントルシア",
    "zh": "美洲/圣卢西亚"
  },
  "America/St_Thomas": {
    "en": "America/St Thomas",
    "ja": "アメリカ/セントトーマス",
    "zh": "美洲/圣托马斯"
  },
  "America/St_Vincent": {
    "en": "America/St Vincent",
    "ja": "アメリカ/セントビンセント",
    "zh": "美洲/圣文森特"
  },
  "America/Swift_Current": {
    "en": "America/Swift Current",
    "ja": "アメリカ/スウィフト・カレント",
    "zh": "美洲/斯威夫特卡伦特"
  },
  "America/Tegucigalpa": {
    "en": "America/Tegucigalpa",
    "ja": "アメリカ/テグシガルパ",
    "zh": "美洲/特古西加尔巴"
  },
  "America/Thule": {
    "en": "America/Thule",
    "ja": "アメリカ/チューレ",
    "zh": "美洲/图勒"
  },
  "America/Tijuana": {
    "en": "America/Tijuana",
    "ja": "アメリカ/ティフアナ",
    "zh": "美洲/蒂华纳"
  },
  "America/Toronto": {
    "en": "America/Toronto",
    "ja": "アメリカ/トロント",
    "zh": "美洲/多伦多"
  },
  "America/Tortola": {
    "en": "America/Tortola",
    "ja": "アメリカ/トルトラ",
    "zh": "美洲/托尔托拉"
  },
  "America/Vancouver": {
    "en": "America/Vancouver",
    "ja": "アメリカ/バンクーバー",
    "zh": "美洲/温哥华"
  },
  "America/Whitehorse": {
    "en": "America/Whitehorse",
    "ja": "アメリカ/ホワイトホース",
    "zh": "美洲/怀特霍斯"
  },
  "America/Winnipeg": {
    "en": "America/Winnipeg",
    "ja": "アメリカ/ウィニペグ",
    "zh": "美洲/温尼伯"
  },
  "America/Yakutat": {
    "en": "America/Yakutat",
    "ja": "アメリカ/ヤクタット",
    "zh": "美洲/亚库塔特"
  },
  "Antarctica/Casey": {
    "en": "Antarctica/Casey",
    "ja": "南極/ケーシー",
    "zh": "南极洲/凯西"
  },
  "Antarctica/Davis": {
    "en": "Antarctica/Davis",
    "ja": "南極/デービス",
    "zh": "南极洲/戴维斯"
  },
  "Antarctica/DumontDUrville": {
    "en": "Antarctica/DumontDUrville",
    "ja": "南極/デュモン・デュルヴィル",
    "zh": "南极洲/迪蒙·迪维尔"
  },
  "Antarctica/Macquarie": {
    "en": "Antarctica/Macquarie",
    "ja": "南極/マッコーリー",
    "zh": "南极洲/麦夸里"
  },
  "Antarctica/Mawson": {
    "en": "Antarctica/Mawson",
    "ja": "南極/モーソン",
    "zh": "南极洲/莫森"
  },
  "Antarctica/McMurdo": {
    "en": "Antarctica/McMurdo",
    "ja": "南極/マクマード",
    "zh": "南极洲/麦克默多"
  },
  "Antarctica/Palmer": {
    "en": "Antarctica/Palmer",
    "ja": "南極/パーマー",
    "zh": "南极洲/帕默"
  },
  "Antarctica/Rothera": {
    "en": "Antarctica/Rothera",
    "ja": "南極/ロゼラ",
    "zh": "南极洲/罗瑟拉"
  },
  "Antarctica/Syowa": {
    "en": "Antarctica/Syowa",
    "ja": "南極/昭和",
    "zh": "南极洲/昭和"
  },
  "Antarctica/Troll": {
    "en": "Antarctica/Troll",
    "ja": "南極/トロル",
    "zh": "南极洲/特罗尔"
  },
  "Antarctica/Vostok": {
    "en": "Antarctica/Vostok",
    "ja": "南極/ボストーク",
    "zh": "南极洲/沃斯托克"
  },
  "Arctic/Longyearbyen": {
    "en": "Arctic/Longyearbyen",
    "ja": "北極/ロングイェールビーン",
    "zh": "北极/朗伊尔城"
  },
  "Asia/Aden": {
    "en": "Asia/Aden",
    "ja": "アジア/アデン",
    "zh": "亚洲/亚丁"
  },
  "Asia/Almaty": {
    "en": "Asia/Almaty",
    "ja": "アジア/アルマトイ",
    "zh": "亚洲/阿拉木图"
  },
  "Asia/Amman": {
    "en": "Asia/Amman",
    "ja": "アジア/アンマン",
    "zh": "亚洲/安曼"
  },
  "Asia/Anadyr": {
    "en": "Asia/Anadyr",
    "ja": "アジア/アナディリ",
    "zh": "亚洲/阿纳德尔"
  },
  "Asia/Aqtau": {
    "en": "Asia/Aqtau",
    "ja": "アジア/アクタウ",
    "zh": "亚洲/阿克套"
  },
  "Asia/Aqtobe": {
    "en": "Asia/Aqtobe",
    "ja": "アジア/アクトベ",
    "zh": "亚洲/阿克托别"
  },
  "Asia/Ashgabat": {
    "en": "Asia/Ashgabat",
    "ja": "アジア/アシガバート",
    "zh": "亚洲/阿什哈巴德"
  },
  "Asia/Atyrau": {
    "en": "Asia/Atyrau",
    "ja": "アジア/アティラウ",
    "zh": "亚洲/阿特劳"
  },
  "Asia/Baghdad": {
    "en": "Asia/Baghdad",
    "ja": "アジア/バグダッド",
    "zh": "亚洲/巴格达"
  },
  "Asia/Bahrain": {
    "en": "Asia/Bahrain",
    "ja": "アジア/バーレーン",
    "zh": "亚洲/巴林"
  },
  "Asia/Baku": {
    "en": "Asia/Baku",
    "ja": "アジア/バクー",
    "zh": "亚洲/巴库"
  },
  "Asia/Bangkok": {
    "en": "Asia/Bangkok",
    "ja": "アジア/バンコク",
    "zh": "亚洲/曼谷"
  },
  "Asia/Barnaul": {
    "en": "Asia/Barnaul",
    "ja": "アジア/バルナウル",
    "zh": "亚洲/巴尔瑙尔"
  },
  "Asia/Beirut": {
    "en": "Asia/Beirut",
    "ja": "アジア/ベイルート",
    "zh": "亚洲/贝鲁特"
  },
  "Asia/Bishkek": {
    "en": "Asia/Bishkek",
    "ja": "アジア/ビシュケク",
    "zh": "亚洲/比什凯克"
  },
  "Asia/Brunei": {
    "en": "Asia/Brunei",
    "ja": "アジア/ブルネイ",
    "zh": "亚洲/文莱"
  },
  "Asia/Calcutta": {
    "en": "Asia/Calcutta",
    "ja": "アジア/コルカタ",
    "zh": "亚洲/加尔各答"
  },
  "Asia/Chita": {
    "en": "Asia/Chita",
    "ja": "アジア/チタ",
    "zh": "亚洲/赤塔"
  },
  "Asia/Colombo": {
    "en": "Asia/Colombo",
    "ja": "アジア/コロンボ",
    "zh": "亚洲/科伦坡"
  },
  "Asia/Damascus": {
    "en": "Asia/Damascus",
    "ja": "アジア/ダマスカス",
    "zh": "亚洲/大马士革"
  },
  "Asia/Dhaka": {
    "en": "Asia/Dhaka",
    "ja": "アジア/ダッカ",
    "zh": "亚洲/达卡"
  },
  "Asia/Dili": {
    "en": "Asia/Dili",
    "ja": "アジア/ディリ",
    "zh": "亚洲/帝力"
  },
  "Asia/Dubai": {
    "en": "Asia/Dubai",
    "ja": "アジア/ドバイ",
    "zh": "亚洲/迪拜"
  },
  "Asia/Dushanbe": {
    "en": "Asia/Dushanbe",
    "ja": "アジア/ドゥシャンベ",
    "zh": "亚洲/杜尚别"
  },
  "Asia/Famagusta": {
    "en": "Asia/Famagusta",
    "ja": "アジア/ファマグスタ",
    "zh": "亚洲/法马古斯塔"
  },
  "Asia/Gaza": {
    "en": "Asia/Gaza",
    "ja": "アジア/ガザ",
    "zh": "亚洲/加沙"
  },
  "Asia/Hebron": {
    "en": "Asia/Hebron",
    "ja": "アジア/ヘブロン",
    "zh": "亚洲/希伯伦"
  },
  "Asia/Hong_Kong": {
    "en": "Asia/Hong Kong",
    "ja": "アジア/香港",
    "zh": "亚洲/香港"
  },
  "Asia/Hovd": {
    "en": "Asia/Hovd",
    "ja": "アジア/ホブド",
    "zh": "亚洲/科布多"
  },
  "Asia/Irkutsk": {
    "en": "Asia/Irkutsk",
    "ja": "アジア/イルクーツク",
    "zh": "亚洲/伊尔库茨克"
  },
  "Asia/Jakarta": {
    "en": "Asia/Jakarta",
    "ja": "アジア/ジャカルタ",
    "zh": "亚洲/雅加达"
  },
  "Asia/Jayapura": {
    "en": "Asia/Jayapura",
    "ja": "アジア/ジャヤプラ",
    "zh": "亚洲/查亚普拉"
  },
  "Asia/Jerusalem": {
    "en": "Asia/Jerusalem",
    "ja": "アジア/エルサレム",
    "zh": "亚洲/耶路撒冷"
  },
  "Asia/Kabul": {
    "en": "Asia/Kabul",
    "ja": "アジア/カブール",
    "zh": "亚洲/喀布尔"
  },
  "Asia/Kamchatka": {
    "en": "Asia/Kamchatka",
    "ja": "アジア/カムチャツカ",
    "zh": "亚洲/堪察加"
  },
  "Asia/Karachi": {
    "en": "Asia/Karachi",
    "ja": "アジア/カラチ",
    "zh": "亚洲/卡拉奇"
  },
  "Asia/Katmandu": {
    "en": "Asia/Katmandu",
    "ja": "アジア/カトマンズ",
    "zh": "亚洲/加德满都"
  },
  "Asia/Khandyga": {
    "en": "Asia/Khandyga",
    "ja": "アジア/ハンディガ",
    "zh": "亚洲/汉德加"
  },
  "Asia/Krasnoyarsk": {
    "en": "Asia/Krasnoyarsk",
    "ja": "アジア/クラスノヤルスク",
    "zh": "亚洲/克拉斯诺亚尔斯克"
  },
  "Asia/Kuala_Lumpur": {
    "en": "Asia/Kuala Lumpur",
    "ja": "アジア/クアラルンプール",
    "zh": "亚洲/吉隆坡"
  },
  "Asia/Kuching": {
    "en": "Asia/Kuching",
    "ja": "アジア/クチン",
    "zh": "亚洲/古晋"
  },
  "Asia/Kuwait": {
    "en": "Asia/Kuwait",
    "ja": "アジア/クウェート",
    "zh": "亚洲/科威特"
  },
  "Asia/Macau": {
    "en": "Asia/Macau",
    "ja": "アジア/マカオ",
    "zh": "亚洲/澳门"
  },
  "Asia/Magadan": {
    "en": "Asia/Magadan",
    "ja": "アジア/マガダン",
    "zh": "亚洲/马加丹"
  },
  "Asia/Makassar": {
    "en": "Asia/Makassar",
    "ja": "アジア/マカッサル",
    "zh": "亚洲/望加锡"
  },
  "Asia/Manila": {
    "en": "Asia/Manila",
    "ja": "アジア/マニラ",
    "zh": "亚洲/马尼拉"
  },
  "Asia/Muscat": {
    "en": "Asia/Muscat",
    "ja": "アジア/マスカット",
    "zh": "亚洲/马斯喀特"
  },
  "Asia/Nicosia": {
    "en": "Asia/Nicosia",
    "ja": "アジア/ニコシア",
    "zh": "亚洲/尼科西亚"
  },
  "Asia/Novokuznetsk": {
    "en": "Asia/Novokuznetsk",
    "ja": "アジア/ノヴォクズネツク",
    "zh": "亚洲/新库兹涅茨克"
  },
  "Asia/Novosibirsk": {
    "en": "Asia/Novosibirsk",
    "ja": "アジア/ノヴォシビルスク",
    "zh": "亚洲/新西伯利亚"
  },
  "Asia/Omsk": {
    "en": "Asia/Omsk",
    "ja": "アジア/オムスク",
    "zh": "亚洲/鄂木斯克"
  },
  "Asia/Oral": {
    "en": "Asia/Oral",
    "ja": "アジア/オラル",
    "zh": "亚洲/乌拉尔"
  },
  "Asia/Phnom_Penh": {
    "en": "Asia/Phnom Penh",
    "ja": "アジア/プノンペン",
    "zh": "亚洲/金边"
  },
  "Asia/Pontianak": {
    "en": "Asia/Pontianak",
    "ja": "アジア/ポンティアナック",
    "zh": "亚洲/坤甸"
  },
  "Asia/Pyongyang": {
    "en": "Asia/Pyongyang",
    "ja": "アジア/平壌",
    "zh": "亚洲/平壤"
  },
  "Asia/Qatar": {
    "en": "Asia/Qatar",
    "ja": "アジア/カタール",
    "zh": "亚洲/卡塔尔"
  },
  "Asia/Qostanay": {
    "en": "Asia/Qostanay",
    "ja": "アジア/コスタナイ",
    "zh": "亚洲/科斯塔奈"
  },
  "Asia/Qyzylorda": {
    "en": "Asia/Qyzylorda",
    "ja": "アジア/クズロルダ",
    "zh": "亚洲/克孜勒奥尔达"
  },
  "Asia/Rangoon": {
    "en": "Asia/Rangoon",
    "ja": "アジア/ヤンゴン",
    "zh": "亚洲/仰光"
  },
  "Asia/Riyadh": {
    "en": "Asia/Riyadh",
    "ja": "アジア/リヤド",
    "zh": "亚洲/利雅得"
  },
  "Asia/Saigon": {
    "en": "Asia/Saigon",
    "ja": "アジア/サイゴン",
    "zh": "亚洲/西贡"
  },
  "Asia/Sakhalin": {
    "en": "Asia/Sakhalin",
    "ja": "アジア/サハリン",
    "zh": "亚洲/萨哈林"
  },
  "Asia/Samarkand": {
    "en": "Asia/Samarkand",
    "ja": "アジア/サマルカンド",
    "zh": "亚洲/撒马尔罕"
  },
  "Asia/Seoul": {
    "en": "Asia/Seoul",
    "ja": "アジア/ソウル",
    "zh": "亚洲/首尔"
  },
  "Asia/Shanghai": {
    "en": "Asia/Shanghai",
    "ja": "アジア/上海",
    "zh": "亚洲/上海"
  },
  "Asia/Singapore": {
    "en": "Asia/Singapore",
    "ja": "アジア/シンガポール",
    "zh": "亚洲/新加坡"
  },
  "Asia/Srednekolymsk": {
    "en": "Asia/Srednekolymsk",
    "ja": "アジア/スレドネコリムスク",
    "zh": "亚洲/中科雷姆斯克"
  },
  "Asia/Taipei": {
    "en": "Asia/Taipei",
    "ja": "アジア/台北",
    "zh": "亚洲/台北"
  },
  "Asia/Tashkent": {
    "en": "Asia/Tashkent",
    "ja": "アジア/タシケント",
    "zh": "亚洲/塔什干"
  },
  "Asia/Tbilisi": {
    "en": "Asia/Tbilisi",
    "ja": "アジア/トビリシ",
    "zh": "亚洲/第比利斯"
  },
  "Asia/Tehran": {
    "en": "Asia/Tehran",
    "ja": "アジア/テヘラン",
    "zh": "亚洲/德黑兰"
  },
  "Asia/Thimphu": {
    "en": "Asia/Thimphu",
    "ja": "アジア/ティンプー",
    "zh": "亚洲/廷布"
  },
  "Asia/Tokyo": {
    "en": "Asia/Tokyo",
    "ja": "アジア/東京",
    "zh": "亚洲/东京"
  },
  "Asia/Tomsk": {
    "en": "Asia/Tomsk",
    "ja": "アジア/トムスク",
    "zh": "亚洲/托木斯克"
  },
  "Asia/Ulaanbaatar": {
    "en": "Asia/Ulaanbaatar",
    "ja": "アジア/ウランバートル",
    "zh": "亚洲/乌兰巴托"
  },
  "Asia/Urumqi": {
    "en": "Asia/Urumqi",
    "ja": "アジア/ウルムチ",
    "zh": "亚洲/乌鲁木齐"
  },
  "Asia/Ust-Nera": {
    "en": "Asia/Ust-Nera",
    "ja": "アジア/ウスチ＝ネラ",
    "zh": "亚洲/乌斯季涅拉"
  },
  "Asia/Vientiane": {
    "en": "Asia/Vientiane",
    "ja": "アジア/ビエンチャン",
    "zh": "亚洲/万象"
  },
  "Asia/Vladivostok": {
    "en": "Asia/Vladivostok",
    "ja": "アジア/ウラジオストク",
    "zh": "亚洲/符拉迪沃斯托克"
  },
  "Asia/Yakutsk": {
    "en": "Asia/Yakutsk",
    "ja": "アジア/ヤクーツク",
    "zh": "亚洲/雅库茨克"
  },
  "Asia/Yekaterinburg": {
    "en": "Asia/Yekaterinburg",
    "ja": "アジア/エカテリンブルク",
    "zh": "亚洲/叶卡捷琳堡"
  },
  "Asia/Yerevan": {
    "en": "Asia/Yerevan",
    "ja": "アジア/エレバン",
    "zh": "亚洲/埃里温"
  },
  "Atlantic/Azores": {
    "en": "Atlantic/Azores",
    "ja": "大西洋/アゾレス",
    "zh": "大西洋/亚速尔"
  },
  "Atlantic/Bermuda": {
    "en": "Atlantic/Bermuda",
    "ja": "大西洋/バミューダ",
    "zh": "大西洋/百慕大"
  },
  "Atlantic/Canary": {
    "en": "Atlantic/Canary",
    "ja": "大西洋/カナリア",
    "zh": "大西洋/加那利"
  },
  "Atlantic/Cape_Verde": {
    "en": "Atlantic/Cape Verde",
    "ja": "大西洋/カーボベルデ",
    "zh": "大西洋/佛得角"
  },
  "Atlantic/Faeroe": {
    "en": "Atlantic/Faeroe",
    "ja": "大西洋/フェロー",
    "zh": "大西洋/法罗"
  },
  "Atlantic/Madeira": {
    "en": "Atlantic/Madeira",
    "ja": "大西洋/マデイラ",
    "zh": "大西洋/马德拉"
  },
  "Atlantic/Reykjavik": {
    "en": "Atlantic/Reykjavik",
    "ja": "大西洋/レイキャビク",
    "zh": "大西洋/雷克雅未克"
  },
  "Atlantic/South_Georgia": {
    "en": "Atlantic/South Georgia",
    "ja": "大西洋/サウスジョージア",
    "zh": "大西洋/南乔治亚"
  },
  "Atlantic/St_Helena": {
    "en": "Atlantic/St Helena",
    "ja": "大西洋/セントヘレナ",
    "zh": "大西洋/圣赫勒拿"
  },
  "Atlantic/Stanley": {
    "en": "Atlantic/Stanley",
    "ja": "大西洋/スタンリー",
    "zh": "大西洋/斯坦利"
  },
  "Australia/Adelaide": {
    "en": "Australia/Adelaide",
    "ja": "オーストラリア/アデレード",
    "zh": "澳大利亚/阿德莱德"
  },
  "Australia/Brisbane": {
    "en": "Australia/Brisbane",
    "ja": "オーストラリア/ブリスベン",
    "zh": "澳大利亚/布里斯班"
  },
  "Australia/Broken_Hill": {
    "en": "Australia/Broken Hill",
    "ja": "オーストラリア/ブロークンヒル",
    "zh": "澳大利亚/布罗肯希尔"
  },
  "Australia/Darwin": {
    "en": "Australia/Darwin",
    "ja": "オーストラリア/ダーウィン",
    "zh": "澳大利亚/达尔文"
  },
  "Australia/Eucla": {
    "en": "Australia/Eucla",
    "ja": "オーストラリア/ユークラ",
    "zh": "澳大利亚/尤克拉"
  },
  "Australia/Hobart": {
    "en": "Australia/Hobart",
    "ja": "オーストラリア/ホバート",
    "zh": "澳大利亚/霍巴特"
  },
  "Australia/Lindeman": {
    "en": "Australia/Lindeman",
    "ja": "オーストラリア/リンデマン",
    "zh": "澳大利亚/林德曼"
  },
  "Australia/Lord_Howe": {
    "en": "Australia/Lord Howe",
    "ja": "オーストラリア/ロードハウ",
    "zh": "澳大利亚/豪勋爵岛"
  },
  "Australia/Melbourne": {
    "en": "Australia/Melbourne",
    "ja": "オーストラリア/メルボルン",
    "zh": "澳大利亚/墨尔本"
  },
  "Australia/Perth": {
    "en": "Australia/Perth",
    "ja": "オーストラリア/パース",
    "zh": "澳大利亚/珀斯"
  },
  "Australia/Sydney": {
    "en": "Australia/Sydney",
    "ja": "オーストラリア/シドニー",
    "zh": "澳大利亚/悉尼"
  },
  "Europe/Amsterdam": {
    "en": "Europe/Amsterdam",
    "ja": "ヨーロッパ/アムステルダム",
    "zh": "欧洲/阿姆斯特丹"
  },
  "Europe/Andorra": {
    "en": "Europe/Andorra",
    "ja": "ヨーロッパ/アンドラ",
    "zh": "欧洲/安道尔"
  },
  "Europe/Astrakhan": {
    "en": "Europe/Astrakhan",
    "ja": "ヨーロッパ/アストラハン",
    "zh": "欧洲/阿斯特拉罕"
  },
  "Europe/Athens": {
    "en": "Europe/Athens",
    "ja": "ヨーロッパ/アテネ",
    "zh": "欧洲/雅典"
  },
  "Europe/Belgrade": {
    "en": "Europe/Belgrade",
    "ja": "ヨーロッパ/ベオグラード",
    "zh": "欧洲/贝尔格莱德"
  },
  "Europe/Berlin": {
    "en": "Europe/Berlin",
    "ja": "ヨーロッパ/ベルリン",
    "zh": "欧洲/柏林"
  },
  "Europe/Bratislava": {
    "en": "Europe/Bratislava",
    "ja": "ヨーロッパ/ブラチスラバ",
    "zh": "欧洲/布拉迪斯拉发"
  },
  "Europe/Brussels": {
    "en": "Europe/Brussels",
    "ja": "ヨーロッパ/ブリュッセル",
    "zh": "欧洲/布鲁塞尔"
  },
  "Europe/Bucharest": {
    "en": "Europe/Bucharest",
    "ja": "ヨーロッパ/ブカレスト",
    "zh": "欧洲/布加勒斯特"
  },
  "Europe/Budapest": {
    "en": "Europe/Budapest",
    "ja": "ヨーロッパ/ブダペスト",
    "zh": "欧洲/布达佩斯"
  },
  "Europe/Busingen": {
    "en": "Europe/Busingen",
    "ja": "ヨーロッパ/ビュージンゲン",
    "zh": "欧洲/比辛根"
  },
  "Europe/Chisinau": {
    "en": "Europe/Chisinau",
    "ja": "ヨーロッパ/キシナウ",
    "zh": "欧洲/基希讷乌"
  },
  "Europe/Copenhagen": {
    "en": "Europe/Copenhagen",
    "ja": "ヨーロッパ/コペンハーゲン",
    "zh": "欧洲/哥本哈根"
  },
  "Europe/Dublin": {
    "en": "Europe/Dublin",
    "ja": "ヨーロッパ/ダブリン",
    "zh": "欧洲/都柏林"
  },
  "Europe/Gibraltar": {
    "en": "Europe/Gibraltar",
    "ja": "ヨーロッパ/ジブラルタル",
    "zh": "欧洲/直布罗陀"
  },
  "Europe/Guernsey": {
    "en": "Europe/Guernsey",
    "ja": "ヨーロッパ/ガーンジー",
    "zh": "欧洲/根西"
  },
  "Europe/Helsinki": {
    "en": "Europe/Helsinki",
    "ja": "ヨーロッパ/ヘルシンキ",
    "zh": "欧洲/赫尔辛基"
  },
  "Europe/Isle_of_Man": {
    "en": "Europe/Isle of Man",
    "ja": "ヨーロッパ/マン島",
    "zh": "欧洲/马恩岛"
  },
  "Europe/Istanbul": {
    "en": "Europe/Istanbul",
    "ja": "ヨーロッパ/イスタンブール",
    "zh": "欧洲/伊斯坦布尔"
  },
  "Europe/Jersey": {
    "en": "Europe/Jersey",
    "ja": "ヨーロッパ/ジャージー",
    "zh": "欧洲/泽西"
  },
  "Europe/Kaliningrad": {
    "en": "Europe/Kaliningrad",
    "ja": "ヨーロッパ/カリーニングラード",
    "zh": "欧洲/加里宁格勒"
  },
  "Europe/Kiev": {
    "en": "Europe/Kiev",
    "ja": "ヨーロッパ/キーウ",
    "zh": "欧洲/基辅"
  },
  "Europe/Kirov": {
    "en": "Europe/Kirov",
    "ja": "ヨーロッパ/キーロフ",
    "zh": "欧洲/基洛夫"
  },
  "Europe/Lisbon": {
    "en": "Europe/Lisbon",
    "ja": "ヨーロッパ/リスボン",
    "zh": "欧洲/里斯本"
  },
  "Europe/Ljubljana": {
    "en": "Europe/Ljubljana",
    "ja": "ヨーロッパ/リュブリャナ",
    "zh": "欧洲/卢布尔雅那"
  },
  "Europe/London": {
    "en": "Europe/London",
    "ja": "ヨーロッパ/ロンドン",
    "zh": "欧洲/伦敦"
  },
  "Europe/Luxembourg": {
    "en": "Europe/Luxembourg",
    "ja": "ヨーロッパ/ルクセンブルク",
    "zh": "欧洲/卢森堡"
  },
  "Europe/Madrid": {
    "en": "Europe/Madrid",
    "ja": "ヨーロッパ/マドリード",
    "zh": "欧洲/马德里"
  },
  "Europe/Malta": {
    "en": "Europe/Malta",
    "ja": "ヨーロッパ/マルタ",
    "zh": "欧洲/马耳他"
  },
  "Europe/Mariehamn": {
    "en": "Europe/Mariehamn",
    "ja": "ヨーロッパ/マリエハムン",
    "zh": "欧洲/玛丽港"
  },
  "Europe/Minsk": {
    "en": "Europe/Minsk",
    "ja": "ヨーロッパ/ミンスク",
    "zh": "欧洲/明斯克"
  },
  "Europe/Monaco": {
    "en": "Europe/Monaco",
    "ja": "ヨーロッパ/モナコ",
    "zh": "欧洲/摩纳哥"
  },
  "Europe/Moscow": {
    "en": "Europe/Moscow",
    "ja": "ヨーロッパ/モスクワ",
    "zh": "欧洲/莫斯科"
  },
  "Europe/Oslo": {
    "en": "Europe/Oslo",
    "ja": "ヨーロッパ/オスロ",
    "zh": "欧洲/奥斯陆"
  },
  "Europe/Paris": {
    "en": "Europe/Paris",
    "ja": "ヨーロッパ/パリ",
    "zh": "欧洲/巴黎"
  },
  "Europe/Podgorica": {
    "en": "Europe/Podgorica",
    "ja": "ヨーロッパ/ポドゴリツァ",
    "zh": "欧洲/波德戈里察"
  },
  "Europe/Prague": {
    "en": "Europe/Prague",
    "ja": "ヨーロッパ/プラハ",
    "zh": "欧洲/布拉格"
  },
  "Europe/Riga": {
    "en": "Europe/Riga",
    "ja": "ヨーロッパ/リガ",
    "zh": "欧洲/里加"
  },
  "Europe/Rome": {
    "en": "Europe/Rome",
    "ja": "ヨーロッパ/ローマ",
    "zh": "欧洲/罗马"
  },
  "Europe/Samara": {
    "en": "Europe/Samara",
    "ja": "ヨーロッパ/サマラ",
    "zh": "欧洲/萨马拉"
  },
  "Europe/San_Marino": {
    "en": "Europe/San Marino",
    "ja": "ヨーロッパ/サンマリノ",
    "zh": "欧洲/圣马力诺"
  },
  "Europe/Sarajevo": {
    "en": "Europe/Sarajevo",
    "ja": "ヨーロッパ/サラエボ",
    "zh": "欧洲/萨拉热窝"
  },
  "Europe/Saratov": {
    "en": "Europe/Saratov",
    "ja": "ヨーロッパ/サラトフ",
    "zh": "欧洲/萨拉托夫"
  },
  "Europe/Simferopol": {
    "en": "Europe/Simferopol",
    "ja": "ヨーロッパ/シンフェロポリ",
    "zh": "欧洲/辛菲罗波尔"
  },
  "Europe/Skopje": {
    "en": "Europe/Skopje",
    "ja": "ヨーロッパ/スコピエ",
    "zh": "欧洲/斯科普里"
  },
  "Europe/Sofia": {
    "en": "Europe/Sofia",
    "ja": "ヨーロッパ/ソフィア",
    "zh": "欧洲/索非亚"
  },
  "Europe/Stockholm": {
    "en": "Europe/Stockholm",
    "ja": "ヨーロッパ/ストックホルム",
    "zh": "欧洲/斯德哥尔摩"
  },
  "Europe/Tallinn": {
    "en": "Europe/Tallinn",
    "ja": "ヨーロッパ/タリン",
    "zh": "欧洲/塔林"
  },
  "Europe/Tirane": {
    "en": "Europe/Tirane",
    "ja": "ヨーロッパ/ティラナ",
    "zh": "欧洲/地拉那"
  },
  "Europe/Ulyanovsk": {
    "en": "Europe/Ulyanovsk",
    "ja": "ヨーロッパ/ウリヤノフスク",
    "zh": "欧洲/乌里扬诺夫斯克"
  },
  "Europe/Vaduz": {
    "en": "Europe/Vaduz",
    "ja": "ヨーロッパ/ファドゥーツ",
    "zh": "欧洲/瓦杜兹"
  },
  "Europe/Vatican": {
    "en": "Europe/Vatican",
    "ja": "ヨーロッパ/バチカン",
    "zh": "欧洲/梵蒂冈"
  },
  "Europe/Vienna": {
    "en": "Europe/Vienna",
    "ja": "ヨーロッパ/ウィーン",
    "zh": "欧洲/维也纳"
  },
  "Europe/Vilnius": {
    "en": "Europe/Vilnius",
    "ja": "ヨーロッパ/ヴィリニュス",
    "zh": "欧洲/维尔纽斯"
  },
  "Europe/Volgograd": {
    "en": "Europe/Volgograd",
    "ja": "ヨーロッパ/ヴォルゴグラード",
    "zh": "欧洲/伏尔加格勒"
  },
  "Europe/Warsaw": {
    "en": "Europe/Warsaw",
    "ja": "ヨーロッパ/ワルシャワ",
    "zh": "欧洲/华沙"
  },
  "Europe/Zagreb": {
    "en": "Europe/Zagreb",
    "ja": "ヨーロッパ/ザグレブ",
    "zh": "欧洲/萨格勒布"
  },
  "Europe/Zurich": {
    "en": "Europe/Zurich",
    "ja": "ヨーロッパ/チューリッヒ",
    "zh": "欧洲/苏黎世"
  },
  "Indian/Antananarivo": {
    "en": "Indian/Antananarivo",
    "ja": "インド洋/アンタナナリボ",
    "zh": "印度洋/塔那那利佛"
  },
  "Indian/Chagos": {
    "en": "Indian/Chagos",
    "ja": "インド洋/チャゴス",
    "zh": "印度洋/查戈斯"
  },
  "Indian/Christmas": {
    "en": "Indian/Christmas",
    "ja": "インド洋/クリスマス",
    "zh": "印度洋/圣诞岛"
  },
  "Indian/Cocos": {
    "en": "Indian/Cocos",
    "ja": "インド洋/ココス",
    "zh": "印度洋/科科斯"
  },
  "Indian/Comoro": {
    "en": "Indian/Comoro",
    "ja": "インド洋/コモロ",
    "zh": "印度洋/科摩罗"
  },
  "Indian/Kerguelen": {
    "en": "Indian/Kerguelen",
    "ja": "インド洋/ケルゲレン",
    "zh": "印度洋/凯尔盖朗"
  },
  "Indian/Mahe": {
    "en": "Indian/Mahe",
    "ja": "インド洋/マヘ",
    "zh": "印度洋/马埃"
  },
  "Indian/Maldives": {
    "en": "Indian/Maldives",
    "ja": "インド洋/モルディブ",
    "zh": "印度洋/马尔代夫"
  },
  "Indian/Mauritius": {
    "en": "Indian/Mauritius",
    "ja": "インド洋/モーリシャス",
    "zh": "印度洋/毛里求斯"
  },
  "Indian/Mayotte": {
    "en": "Indian/Mayotte",
    "ja": "インド洋/マヨット",
    "zh": "印度洋/马约特"
  },
  "Indian/Reunion": {
    "en": "Indian/Reunion",
    "ja": "インド洋/レユニオン",
    "zh": "印度洋/留尼汪"
  },
  "Pacific/Apia": {
    "en": "Pacific/Apia",
    "ja": "太平洋/アピア",
    "zh": "太平洋/阿皮亚"
  },
  "Pacific/Auckland": {
    "en": "Pacific/Auckland",
    "ja": "太平洋/オークランド",
    "zh": "太平洋/奥克兰"
  },
  "Pacific/Bougainville": {
    "en": "Pacific/Bougainville",
    "ja": "太平洋/ブーゲンビル",
    "zh": "太平洋/布干维尔"
  },
  "Pacific/Chatham": {
    "en": "Pacific/Chatham",
    "ja": "太平洋/チャタム",
    "zh": "太平洋/查塔姆"
  },
  "Pacific/Easter": {
    "en": "Pacific/Easter",
    "ja": "太平洋/イースター",
    "zh": "太平洋/复活节岛"
  },
  "Pacific/Efate": {
    "en": "Pacific/Efate",
    "ja": "太平洋/エファテ",
    "zh": "太平洋/埃法特"
  },
  "Pacific/Enderbury": {
    "en": "Pacific/Enderbury",
    "ja": "太平洋/エンダーベリー",
    "zh": "太平洋/恩德伯里"
  },
  "Pacific/Fakaofo": {
    "en": "Pacific/Fakaofo",
    "ja": "太平洋/ファカオフォ",
    "zh": "太平洋/法考福"
  },
  "Pacific/Fiji": {
    "en": "Pacific/Fiji",
    "ja": "太平洋/フィジー",
    "zh": "太平洋/斐济"
  },
  "Pacific/Funafuti": {
    "en": "Pacific/Funafuti",
    "ja": "太平洋/フナフティ",
    "zh": "太平洋/富纳富提"
  },
  "Pacific/Galapagos": {
    "en": "Pacific/Galapagos",
    "ja": "太平洋/ガラパゴス",
    "zh": "太平洋/加拉帕戈斯"
  },
  "Pacific/Gambier": {
    "en": "Pacific/Gambier",
    "ja": "太平洋/ガンビエ",
    "zh": "太平洋/甘比尔"
  },
  "Pacific/Guadalcanal": {
    "en": "Pacific/Guadalcanal",
    "ja": "太平洋/ガダルカナル",
    "zh": "太平洋/瓜达尔卡纳尔"
  },
  "Pacific/Guam": {
    "en": "Pacific/Guam",
    "ja": "太平洋/グアム",
    "zh": "太平洋/关岛"
  },
  "Pacific/Honolulu": {
    "en": "Pacific/Honolulu",
    "ja": "太平洋/ホノルル",
    "zh": "太平洋/火奴鲁鲁"
  },
  "Pacific/Kiritimati": {
    "en": "Pacific/Kiritimati",
    "ja": "太平洋/キリティマティ",
    "zh": "太平洋/基里地马地"
  },
  "Pacific/Kosrae": {
    "en": "Pacific/Kosrae",
    "ja": "太平洋/コスラエ",
    "zh": "太平洋/科斯雷"
  },
  "Pacific/Kwajalein": {
    "en": "Pacific/Kwajalein",
    "ja": "太平洋/クェゼリン",
    "zh": "太平洋/夸贾林"
  },
  "Pacific/Majuro": {
    "en": "Pacific/Majuro",
    "ja": "太平洋/マジュロ",
    "zh": "太平洋/马朱罗"
  },
  "Pacific/Marquesas": {
    "en": "Pacific/Marquesas",
    "ja": "太平洋/マルケサス",
    "zh": "太平洋/马克萨斯"
  },
  "Pacific/Midway": {
    "en": "Pacific/Midway",
    "ja": "太平洋/ミッドウェー",
    "zh": "太平洋/中途岛"
  },
  "Pacific/Nauru": {
    "en": "Pacific/Nauru",
    "ja": "太平洋/ナウル",
    "zh": "太平洋/瑙鲁"
  },
  "Pacific/Niue": {
    "en": "Pacific/Niue",
    "ja": "太平洋/ニウエ",
    "zh": "太平洋/纽埃"
  },
  "Pacific/Norfolk": {
    "en": "Pacific/Norfolk",
    "ja": "太平洋/ノーフォーク",
    "zh": "太平洋/诺福克"
  },
  "Pacific/Noumea": {
    "en": "Pacific/Noumea",
    "ja": "太平洋/ヌメア",
    "zh": "太平洋/努美阿"
  },
  "Pacific/Pago_Pago": {
    "en": "Pacific/Pago Pago",
    "ja": "太平洋/パゴパゴ",
    "zh": "太平洋/帕果帕果"
  },
  "Pacific/Palau": {
    "en": "Pacific/Palau",
    "ja": "太平洋/パラオ",
    "zh": "太平洋/帕劳"
  },
  "Pacific/Pitcairn": {
    "en": "Pacific/Pitcairn",
    "ja": "太平洋/ピトケアン",
    "zh": "太平洋/皮特凯恩"
  },
  "Pacific/Ponape": {
    "en": "Pacific/Ponape",
    "ja": "太平洋/ポナペ",
    "zh": "太平洋/波纳佩"
  },
  "Pacific/Port_Moresby": {
    "en": "Pacific/Port Moresby",
    "ja": "太平洋/ポートモレスビー",
    "zh": "太平洋/莫尔兹比港"
  },
  "Pacific/Rarotonga": {
    "en": "Pacific/Rarotonga",
    "ja": "太平洋/ラロトンガ",
    "zh": "太平洋/拉罗汤加"
  },
  "Pacific/Saipan": {
    "en": "Pacific/Saipan",
    "ja": "太平洋/サイパン",
    "zh": "太平洋/塞班"
  },
  "Pacific/Tahiti": {
    "en": "Pacific/Tahiti",
    "ja": "太平洋/タヒチ",
    "zh": "太平洋/塔希提"
  },
  "Pacific/Tarawa": {
    "en": "Pacific/Tarawa",
    "ja": "太平洋/タラワ",
    "zh": "太平洋/塔拉瓦"
  },
  "Pacific/Tongatapu": {
    "en": "Pacific/Tongatapu",
    "ja": "太平洋/トンガタプ",
    "zh": "太平洋/汤加塔布"
  },
  "Pacific/Truk": {
    "en": "Pacific/Truk",
    "ja": "太平洋/トラック",
    "zh": "太平洋/特鲁克"
  },
  "Pacific/Wake": {
    "en": "Pacific/Wake",
    "ja": "太平洋/ウェーク",
    "zh": "太平洋/威克"
  },
  "Pacific/Wallis": {
    "en": "Pacific/Wallis",
    "ja": "太平洋/ウォリス",
    "zh": "太平洋/瓦利斯"
  }
}
